Workbook

Sheet Abholungen
A1: Abholübersicht – wer holt wann was ab
A2: Je Artikel eine Zeile. Grau = ausfüllen, Bezeichnung, Raum und Einheit ergänzen sich aus der Artikelnummer. Vor dem Abholtag: Filter in Zeile 4 auf den Tag setzen und drucken (Querformat).
A4: Abholtag | B4: Uhrzeit | C4: Vorgang | D4: Käufer | E4: Telefon | F4: Rechnungsnr. | G4: bezahlt | H4: ArtNr | I4: Bezeichnung | J4: Raum (Post-it) | K4: Menge | L4: Einheit | M4: Demontage | N4: bereit-gestellt | O4: abgeholt | P4: Bemerkung
I5: =IF(H5="","",IFERROR(VLOOKUP(H5,Artikel!$A:$E,2,FALSE),"? Nummer prüfen")) | J5: =IF(H5="","",IFERROR(VLOOKUP(H5,Artikel!$A:$E,3,FALSE)&" ("&VLOOKUP(H5,Artikel!$A:$E,4,FALSE)&")","")) | L5: =IF(H5="","",IFERROR(VLOOKUP(H5,Artikel!$A:$E,5,FALSE),""))
I6: =IF(H6="","",IFERROR(VLOOKUP(H6,Artikel!$A:$E,2,FALSE),"? Nummer prüfen")) | J6: =IF(H6="","",IFERROR(VLOOKUP(H6,Artikel!$A:$E,3,FALSE)&" ("&VLOOKUP(H6,Artikel!$A:$E,4,FALSE)&")","")) | L6: =IF(H6="","",IFERROR(VLOOKUP(H6,Artikel!$A:$E,5,FALSE),""))
I7: =IF(H7="","",IFERROR(VLOOKUP(H7,Artikel!$A:$E,2,FALSE),"? Nummer prüfen")) | J7: =IF(H7="","",IFERROR(VLOOKUP(H7,Artikel!$A:$E,3,FALSE)&" ("&VLOOKUP(H7,Artikel!$A:$E,4,FALSE)&")","")) | L7: =IF(H7="","",IFERROR(VLOOKUP(H7,Artikel!$A:$E,5,FALSE),""))
I8: =IF(H8="","",IFERROR(VLOOKUP(H8,Artikel!$A:$E,2,FALSE),"? Nummer prüfen")) | J8: =IF(H8="","",IFERROR(VLOOKUP(H8,Artikel!$A:$E,3,FALSE)&" ("&VLOOKUP(H8,Artikel!$A:$E,4,FALSE)&")","")) | L8: =IF(H8="","",IFERROR(VLOOKUP(H8,Artikel!$A:$E,5,FALSE),""))
I9: =IF(H9="","",IFERROR(VLOOKUP(H9,Artikel!$A:$E,2,FALSE),"? Nummer prüfen")) | J9: =IF(H9="","",IFERROR(VLOOKUP(H9,Artikel!$A:$E,3,FALSE)&" ("&VLOOKUP(H9,Artikel!$A:$E,4,FALSE)&")","")) | L9: =IF(H9="","",IFERROR(VLOOKUP(H9,Artikel!$A:$E,5,FALSE),""))
I10: =IF(H10="","",IFERROR(VLOOKUP(H10,Artikel!$A:$E,2,FALSE),"? Nummer prüfen")) | J10: =IF(H10="","",IFERROR(VLOOKUP(H10,Artikel!$A:$E,3,FALSE)&" ("&VLOOKUP(H10,Artikel!$A:$E,4,FALSE)&")","")) | L10: =IF(H10="","",IFERROR(VLOOKUP(H10,Artikel!$A:$E,5,FALSE),""))
I11: =IF(H11="","",IFERROR(VLOOKUP(H11,Artikel!$A:$E,2,FALSE),"? Nummer prüfen")) | J11: =IF(H11="","",IFERROR(VLOOKUP(H11,Artikel!$A:$E,3,FALSE)&" ("&VLOOKUP(H11,Artikel!$A:$E,4,FALSE)&")","")) | L11: =IF(H11="","",IFERROR(VLOOKUP(H11,Artikel!$A:$E,5,FALSE),""))
I12: =IF(H12="","",IFERROR(VLOOKUP(H12,Artikel!$A:$E,2,FALSE),"? Nummer prüfen")) | J12: =IF(H12="","",IFERROR(VLOOKUP(H12,Artikel!$A:$E,3,FALSE)&" ("&VLOOKUP(H12,Artikel!$A:$E,4,FALSE)&")","")) | L12: =IF(H12="","",IFERROR(VLOOKUP(H12,Artikel!$A:$E,5,FALSE),""))
I13: =IF(H13="","",IFERROR(VLOOKUP(H13,Artikel!$A:$E,2,FALSE),"? Nummer prüfen")) | J13: =IF(H13="","",IFERROR(VLOOKUP(H13,Artikel!$A:$E,3,FALSE)&" ("&VLOOKUP(H13,Artikel!$A:$E,4,FALSE)&")","")) | L13: =IF(H13="","",IFERROR(VLOOKUP(H13,Artikel!$A:$E,5,FALSE),""))
I14: =IF(H14="","",IFERROR(VLOOKUP(H14,Artikel!$A:$E,2,FALSE),"? Nummer prüfen")) | J14: =IF(H14="","",IFERROR(VLOOKUP(H14,Artikel!$A:$E,3,FALSE)&" ("&VLOOKUP(H14,Artikel!$A:$E,4,FALSE)&")","")) | L14: =IF(H14="","",IFERROR(VLOOKUP(H14,Artikel!$A:$E,5,FALSE),""))
I15: =IF(H15="","",IFERROR(VLOOKUP(H15,Artikel!$A:$E,2,FALSE),"? Nummer prüfen")) | J15: =IF(H15="","",IFERROR(VLOOKUP(H15,Artikel!$A:$E,3,FALSE)&" ("&VLOOKUP(H15,Artikel!$A:$E,4,FALSE)&")","")) | L15: =IF(H15="","",IFERROR(VLOOKUP(H15,Artikel!$A:$E,5,FALSE),""))
I16: =IF(H16="","",IFERROR(VLOOKUP(H16,Artikel!$A:$E,2,FALSE),"? Nummer prüfen")) | J16: =IF(H16="","",IFERROR(VLOOKUP(H16,Artikel!$A:$E,3,FALSE)&" ("&VLOOKUP(H16,Artikel!$A:$E,4,FALSE)&")","")) | L16: =IF(H16="","",IFERROR(VLOOKUP(H16,Artikel!$A:$E,5,FALSE),""))
... I404: =IF(H404="","",IFERROR(VLOOKUP(H404,Artikel!$A:$E,2,FALSE),"? Nummer prüfen")) | J404: =IF(H404="","",IFERROR(VLOOKUP(H404,Artikel!$A:$E,3,FALSE)&" ("&VLOOKUP(H404,Artikel!$A:$E,4,FALSE)&")","")) | L404: =IF(H404="","",IFERROR(VLOOKUP(H404,Artikel!$A:$E,5,FALSE),""))

Sheet So geht's
A1: Abholübersicht | B1: Damit am Abholtag alles bereitsteht und nichts doppelt verkauft wird.
A2: Eintragen | B2: Sobald ein Abholtermin feststeht: je Artikel eine Zeile. Abholtag, Uhrzeit, Vorgang, Käufer, Telefon, ArtNr und Menge. Bezeichnung und Raum erscheinen von selbst.
A3: Raum (Post-it) | B3: Der Raum aus dem Katalog, in Klammern der Code auf dem Post-it am Möbel (z. B. BE10).
A4: bezahlt | B4: Erst „ja“, wenn das Geld auf dem Konto ist. Orange Zeile = Abholung morgen oder heute, aber noch nicht bezahlt.
A5: Vor dem Abholtag | B5: Filter in Zeile 4 beim Abholtag auf den Tag setzen → drucken. Ware bereitstellen, mit Name + Vorgangsnummer markieren, dann „bereitgestellt“ = ja.
A6: Bei der Abholung | B6: Ausdruck abhaken, danach „abgeholt“ = ja – die Zeile wird grau durchgestrichen.
A7: Teilabholung | B7: Was nicht mitgeht: in der Bemerkung vermerken, in WordPress die Position stornieren.
A8: Neue Artikel | B8: Kommt eine neue Artikelnummer dazu, die hier „? Nummer prüfen“ zeigt: von Claude eine neue Abholübersicht holen oder die Bezeichnung von Hand in die Bemerkung schreiben.

Sheet Artikel
A1: ArtNr | B1: Bezeichnung | C1: Raum | D1: Raumcode | E1: Einheit
A2: BA04-01 | B2: Rattankörbe 8 Stück | C2: Gruppenraum | D2: BA04 | E2: Set
A3: BA08-01 | B3: Konvolut Mal- und Bastelfarben | C3: Atelier | D3: BA08 | E3: Konvolut
A4: BA08-02 | B4: Acrylfarben-Sortiment | C4: Atelier | D4: BA08 | E4: Konvolut
A5: BA08-03 | B5: Konvolut Bastelmaterial | C5: Atelier | D5: BA08 | E5: Konvolut
A6: BA08-04 | B6: buntes Tonpapier | C6: Atelier | D6: BA08 | E6: Konvolut
A7: BA09-01 | B7: Deko Metallruten mit Pompons | C7: Personalraum | D7: BA09 | E7: Stück
A8: BA09-02 | B8: Elefantenfuß groß | C8: Personalraum | D8: BA09 | E8: Set
A9: BA09-03 | B9: Werte-Rad | C9: Personalraum | D9: BA09 | E9: Stück
A10: BA09-04 | B10: USM Haller Tisch | C10: Personalraum | D10: BA09 | E10: Stück
A11: BA09-05 | B11: Kartell Masters Stuhl | C11: Personalraum | D11: BA09 | E11: Stück
A12: BA10-01 | B12: Glastisch rund mit Chromgestell | C12: Ruheraum | D12: BA10 | E12: Stück
... A416: BA08-45 | B416: Krepppapier gelb, 9 Rollen (Islong) | C416: Atelier | D416: BA08 | E416: Konvolut
